timestamp,event,temp,humi,voltage,note
2026-08-24 08:33:43,reading,26.0,64.0,1.23,OK
2026-08-24 08:33:44,reading,26.0,64.0,1.23,OK
2026-08-24 08:33:46,reading,26.0,64.0,1.23,OK
2026-08-24 08:33:48,reading,26.0,64.0,1.23,OK
2026-08-24 08:33:50,reading,26.0,64.0,1.23,OK
2026-08-24 08:33:52,reading,26.0,64.0,1.23,OK
2026-08-24 08:33:54,reading,26.0,64.0,1.23,OK
2026-08-24 08:33:56,reading,26.0,64.0,1.23,OK
2026-08-24 08:33:58,reading,26.0,64.0,1.23,OK
2026-08-24 08:34:00,reading,26.0,64.0,1.23,OK
2026-08-24 08:34:02,reading,26.0,64.0,1.23,OK
2026-08-24 08:34:03,reading,26.0,64.0,1.23,OK
2026-08-24 08:34:05,reading,26.0,64.0,1.23,OK
2026-08-24 08:34:13,reading,26.0,64.0,1.23,OK
2026-08-24 08:34:15,reading,26.0,64.0,1.23,OK
2026-08-24 08:34:16,reading,26.0,64.0,1.23,OK
2026-08-24 08:34:18,reading,26.0,64.0,1.23,OK
2026-08-24 08:34:20,reading,26.0,64.0,1.23,OK
2026-08-24 08:34:22,reading,26.0,64.0,1.23,OK
2026-08-24 08:34:24,reading,26.0,64.0,1.23,OK
2026-08-24 08:34:25,reading,26.0,64.0,1.23,OK
2026-08-24 08:34:27,reading,26.0,64.0,1.23,OK
2026-08-24 08:34:29,reading,26.0,64.0,1.23,OK
2026-08-24 08:34:31,reading,26.0,64.0,1.23,OK
2026-08-24 08:34:33,reading,26.0,64.0,1.23,OK
2026-08-24 08:34:35,reading,26.0,64.0,1.23,OK
2026-08-24 08:34:37,reading,26.0,64.0,1.23,OK
2026-08-24 08:34:38,reading,26.0,65.0,1.23,OK
2026-08-24 08:34:40,reading,26.0,65.0,1.23,OK
2026-08-24 08:34:42,reading,26.0,65.0,1.23,OK
2026-08-24 08:34:44,reading,26.0,65.0,1.23,OK
2026-08-24 08:34:47,reading,26.0,65.0,1.23,OK
2026-08-24 08:34:49,reading,26.0,65.0,1.23,OK
2026-08-24 08:34:51,reading,26.0,65.0,1.23,OK
2026-08-24 08:34:52,reading,26.0,65.0,1.23,OK
2026-08-24 08:34:54,reading,26.0,65.0,1.23,OK
2026-08-24 08:35:01,reading,26.0,65.0,1.23,OK
2026-08-24 08:35:08,reading,26.0,64.0,1.23,OK
2026-08-24 08:35:10,reading,26.0,64.0,1.23,OK
2026-08-24 08:35:12,reading,26.0,64.0,1.23,OK
2026-08-24 08:35:14,reading,26.0,64.0,1.23,OK
2026-08-24 08:35:16,reading,26.0,64.0,1.23,OK
2026-08-24 08:35:18,reading,26.0,64.0,1.23,OK
2026-08-24 08:35:20,reading,26.0,64.0,1.23,OK
2026-08-24 08:35:22,reading,26.0,64.0,1.23,OK
2026-08-24 08:35:24,reading,26.0,64.0,1.23,OK
2026-08-24 08:35:25,reading,26.0,64.0,1.23,OK
2026-08-24 08:35:27,reading,26.0,64.0,1.23,OK
2026-08-24 08:35:29,reading,26.0,64.0,1.23,OK
2026-08-24 08:35:31,reading,26.0,64.0,1.23,OK
2026-08-24 08:35:33,reading,26.0,64.0,1.23,OK
2026-08-24 08:35:35,reading,26.0,64.0,1.23,OK
2026-08-24 08:35:38,reading,26.0,64.0,1.23,OK
2026-08-24 08:35:40,reading,26.0,64.0,1.23,OK
2026-08-24 08:35:42,reading,26.0,64.0,1.23,OK
2026-08-24 08:35:43,reading,26.0,64.0,1.23,OK
2026-08-24 08:35:45,reading,26.0,64.0,1.23,OK
2026-08-24 08:35:47,reading,26.0,64.0,1.23,OK
2026-08-24 08:35:49,reading,26.0,64.0,1.23,OK
2026-08-24 08:35:51,reading,26.0,65.0,1.23,OK
2026-08-24 08:35:53,reading,26.0,65.0,1.23,OK
2026-08-24 08:35:54,reading,26.0,65.0,1.23,OK
2026-08-24 08:35:56,reading,26.0,65.0,1.23,OK
2026-08-24 08:35:58,reading,26.0,65.0,1.23,OK
2026-08-24 08:36:00,reading,26.0,65.0,1.23,OK
2026-08-24 08:36:02,reading,26.0,65.0,1.23,OK
2026-08-24 08:36:03,reading,26.0,65.0,1.23,OK
2026-08-24 08:36:06,reading,26.0,65.0,1.23,OK
2026-08-24 08:36:08,reading,26.0,65.0,1.23,OK
2026-08-24 08:36:09,reading,26.0,65.0,1.23,OK
2026-08-24 08:36:11,reading,26.0,65.0,1.23,OK
2026-08-24 08:36:13,reading,26.0,64.0,1.23,OK
2026-08-24 08:36:15,reading,26.0,64.0,1.23,OK
2026-08-24 08:36:17,reading,26.0,64.0,1.23,OK
2026-08-24 08:36:19,reading,26.0,64.0,1.23,OK
2026-08-24 08:36:21,reading,26.0,64.0,1.23,OK
2026-08-24 08:36:23,reading,26.0,64.0,1.23,OK
2026-08-24 08:36:25,reading,26.0,64.0,1.23,OK
2026-08-24 08:36:27,reading,26.0,64.0,1.23,OK
2026-08-24 08:36:28,reading,26.0,64.0,1.23,OK
2026-08-24 08:36:30,reading,26.0,64.0,1.23,OK
2026-08-24 08:36:32,reading,26.0,64.0,1.23,OK
2026-08-24 08:36:34,reading,26.0,64.0,1.23,OK
2026-08-24 08:36:36,reading,26.0,64.0,1.23,OK
2026-08-24 08:36:37,reading,27.0,64.0,1.23,OK
2026-08-24 08:36:39,reading,27.0,64.0,1.23,OK
2026-08-24 08:36:41,reading,27.0,64.0,1.23,OK
2026-08-24 08:36:43,reading,27.0,64.0,1.23,OK
2026-08-24 08:36:45,reading,27.0,64.0,1.23,OK
2026-08-24 08:36:47,reading,27.0,64.0,1.23,OK
2026-08-24 08:36:48,reading,27.0,64.0,1.23,OK
2026-08-24 08:36:50,reading,27.0,64.0,1.23,OK
2026-08-24 08:36:52,reading,27.0,64.0,1.23,OK
2026-08-24 08:36:54,reading,27.0,64.0,1.23,OK
2026-08-24 08:36:56,reading,27.0,64.0,1.23,OK
2026-08-24 08:36:57,reading,27.0,64.0,1.23,OK
2026-08-24 08:36:59,reading,27.0,64.0,1.23,OK
2026-08-24 08:37:01,reading,50.0,30.0,1.23,OK
2026-08-24 08:37:03,reading,50.0,30.0,1.23,OK
2026-08-24 08:37:05,reading,50.0,30.0,1.23,OK
2026-08-24 08:37:06,reading,50.0,30.0,1.23,OK
2026-08-24 08:37:08,reading,50.0,30.0,1.23,OK
2026-08-24 08:37:10,reading,50.0,30.0,1.23,OK
2026-08-24 08:37:12,reading,50.0,30.0,1.23,OK
2026-08-24 08:37:14,reading,50.0,30.0,1.23,OK
2026-08-24 08:37:15,reading,50.0,30.0,1.23,OK
2026-08-24 08:37:17,reading,50.0,30.0,1.23,OK
2026-08-24 08:37:19,reading,50.0,30.0,1.23,OK
2026-08-24 08:37:21,reading,50.0,30.0,1.23,OK
2026-08-24 08:37:23,reading,50.0,30.0,1.23,OK
2026-08-24 08:37:25,reading,55.0,22.0,1.23,OK
2026-08-24 08:37:26,reading,55.0,22.0,1.23,OK
2026-08-24 08:37:28,reading,55.0,22.0,1.23,OK
2026-08-24 08:37:30,reading,55.0,22.0,1.23,OK
2026-08-24 08:37:32,reading,55.0,22.0,1.23,OK
2026-08-24 08:37:35,reading,55.0,22.0,1.23,OK
2026-08-24 08:37:37,reading,55.0,22.0,1.23,OK
2026-08-24 08:37:39,reading,55.0,22.0,1.23,OK
2026-08-24 08:37:40,reading,55.0,22.0,1.23,OK
2026-08-24 08:37:42,reading,55.0,22.0,1.23,OK
2026-08-24 08:37:44,reading,55.0,22.0,1.23,OK
2026-08-24 08:37:46,reading,55.0,22.0,1.23,OK
2026-08-24 08:37:48,reading,55.0,22.0,1.23,OK
2026-08-24 08:37:49,reading,55.0,22.0,1.23,OK
2026-08-24 08:37:51,reading,55.0,22.0,1.23,OK
2026-08-24 08:37:53,reading,52.0,25.0,1.23,OK
2026-08-24 08:37:55,reading,52.0,25.0,1.23,OK
2026-08-24 08:37:57,reading,52.0,25.0,1.23,OK
2026-08-24 08:37:58,reading,52.0,25.0,1.23,OK
2026-08-24 08:38:00,reading,52.0,25.0,1.23,OK
2026-08-24 08:38:02,reading,52.0,25.0,1.23,OK
2026-08-24 08:38:04,reading,52.0,25.0,1.23,OK
2026-08-24 08:38:06,reading,52.0,25.0,1.23,OK
2026-08-24 08:38:08,reading,52.0,25.0,1.23,OK
2026-08-24 08:38:09,reading,52.0,25.0,1.23,OK
2026-08-24 08:38:11,reading,52.0,25.0,1.23,OK
2026-08-24 08:38:13,reading,52.0,25.0,1.23,OK
2026-08-24 08:38:15,reading,52.0,25.0,1.23,OK
2026-08-24 08:38:17,reading,52.0,25.0,1.23,OK
2026-08-24 08:38:18,reading,52.0,25.0,1.23,OK
2026-08-24 08:38:20,reading,52.0,25.0,1.23,OK
2026-08-24 08:38:22,reading,46.0,28.0,0.57,OK
2026-08-24 08:38:24,reading,46.0,28.0,0.57,OK
2026-08-24 08:38:26,reading,46.0,28.0,0.57,OK
2026-08-24 08:38:28,reading,46.0,28.0,0.57,OK
2026-08-24 08:38:29,reading,46.0,28.0,0.57,OK
2026-08-24 08:38:31,reading,46.0,28.0,0.57,OK
2026-08-24 08:38:38,reading,46.0,28.0,0.57,OK
2026-08-24 08:38:40,reading,46.0,28.0,0.57,OK
2026-08-24 08:38:42,reading,46.0,28.0,0.57,OK
2026-08-24 08:38:44,reading,46.0,28.0,0.57,OK
2026-08-24 08:38:45,reading,42.0,31.0,0.3,OK
2026-08-24 08:38:47,reading,42.0,31.0,0.3,OK
2026-08-24 08:38:49,reading,42.0,31.0,0.3,OK
2026-08-24 08:38:51,reading,42.0,31.0,0.3,OK
2026-08-24 08:38:53,reading,42.0,31.0,0.3,OK
2026-08-24 08:38:55,reading,42.0,31.0,0.3,OK
2026-08-24 08:38:56,reading,42.0,31.0,0.3,OK
2026-08-24 08:38:58,reading,42.0,31.0,0.3,OK
2026-08-24 08:39:00,reading,42.0,31.0,0.3,OK
2026-08-24 08:39:02,reading,42.0,31.0,0.3,OK
2026-08-24 08:39:04,reading,42.0,31.0,0.3,OK
2026-08-24 08:39:06,reading,42.0,31.0,0.3,OK
2026-08-24 08:39:07,reading,42.0,31.0,0.3,OK
2026-08-24 08:39:09,reading,39.0,35.0,0.3,OK
2026-08-24 08:39:11,reading,39.0,35.0,0.3,OK
2026-08-24 08:39:13,reading,39.0,35.0,0.3,OK
2026-08-24 08:39:15,reading,39.0,35.0,0.3,OK
2026-08-24 08:39:16,reading,39.0,35.0,0.3,OK
2026-08-24 08:39:18,reading,39.0,35.0,0.3,OK
2026-08-24 08:39:20,reading,39.0,35.0,0.3,OK
2026-08-24 08:39:22,reading,39.0,35.0,0.3,OK
2026-08-24 08:39:24,reading,39.0,35.0,0.3,OK
2026-08-24 08:39:25,reading,39.0,35.0,0.3,OK
2026-08-24 08:39:27,reading,39.0,35.0,0.3,OK
2026-08-24 08:39:29,reading,39.0,35.0,0.3,OK
2026-08-24 08:39:31,reading,39.0,35.0,0.3,OK
2026-08-24 08:39:33,reading,37.0,40.0,0.3,OK
2026-08-24 08:39:35,reading,37.0,40.0,0.3,OK
2026-08-24 08:39:37,reading,37.0,40.0,0.3,OK
2026-08-24 08:39:39,reading,37.0,40.0,0.3,OK
2026-08-24 08:39:41,reading,37.0,40.0,0.3,OK
2026-08-24 08:39:42,reading,37.0,40.0,0.3,OK
2026-08-24 08:39:44,reading,37.0,40.0,0.3,OK
2026-08-24 08:39:48,reading,37.0,40.0,0.3,OK
2026-08-24 08:39:50,reading,37.0,40.0,0.3,OK
2026-08-24 08:39:52,reading,37.0,40.0,0.3,OK
2026-08-24 08:39:54,reading,37.0,40.0,0.3,OK
2026-08-24 08:39:56,reading,37.0,40.0,0.3,OK
2026-08-24 08:39:57,reading,35.0,42.0,0.3,OK
2026-08-24 08:39:59,reading,35.0,42.0,0.3,OK
2026-08-24 08:40:01,reading,35.0,42.0,0.3,OK
2026-08-24 08:40:03,reading,35.0,42.0,0.3,OK
2026-08-24 08:40:05,reading,35.0,42.0,0.3,OK
2026-08-24 08:40:07,reading,35.0,42.0,0.3,OK
2026-08-24 08:40:08,reading,35.0,42.0,0.3,OK
2026-08-24 08:40:10,reading,35.0,42.0,0.3,OK
2026-08-24 08:40:12,reading,35.0,42.0,0.3,OK
2026-08-24 08:40:14,reading,35.0,42.0,0.3,OK
2026-08-24 08:40:16,reading,35.0,42.0,0.3,OK
2026-08-24 08:40:17,reading,35.0,42.0,0.3,OK
2026-08-24 08:40:19,reading,35.0,42.0,0.3,OK
2026-08-24 08:40:21,reading,35.0,42.0,0.3,OK
2026-08-24 08:40:23,reading,33.0,48.0,0.3,OK
2026-08-24 08:40:25,reading,33.0,48.0,0.3,OK
2026-08-24 08:40:26,reading,33.0,48.0,0.3,OK
2026-08-24 08:40:28,reading,33.0,48.0,0.3,OK
2026-08-24 08:40:30,reading,33.0,48.0,0.3,OK
2026-08-24 08:40:32,reading,33.0,48.0,0.3,OK
2026-08-24 08:40:34,reading,33.0,48.0,0.3,OK
2026-08-24 08:40:36,reading,33.0,48.0,0.3,OK
2026-08-24 08:40:37,reading,33.0,48.0,0.3,OK
2026-08-24 08:40:39,reading,33.0,48.0,0.3,OK
2026-08-24 08:40:41,reading,33.0,48.0,0.3,OK
2026-08-24 08:40:43,reading,33.0,48.0,0.3,OK
2026-08-24 08:40:45,reading,33.0,48.0,0.3,OK
2026-08-24 08:40:46,reading,32.0,47.0,0.3,OK
2026-08-24 08:40:48,reading,32.0,47.0,0.3,OK
2026-08-24 08:40:50,reading,32.0,47.0,0.3,OK
2026-08-24 08:40:52,reading,32.0,47.0,0.3,OK
2026-08-24 08:40:54,reading,32.0,47.0,0.3,OK
2026-08-24 08:40:55,reading,32.0,47.0,0.3,OK
2026-08-24 08:40:57,reading,32.0,47.0,0.3,OK
2026-08-24 08:40:59,reading,32.0,47.0,0.3,OK
2026-08-24 08:41:01,reading,32.0,47.0,0.3,OK
2026-08-24 08:41:03,reading,32.0,47.0,0.3,OK
2026-08-24 08:41:04,reading,32.0,47.0,0.3,OK
2026-08-24 08:41:06,reading,32.0,47.0,0.3,OK
2026-08-24 08:41:08,reading,32.0,47.0,0.3,OK
2026-08-24 08:41:10,reading,31.0,49.0,0.31,OK
2026-08-24 08:41:12,reading,31.0,49.0,0.31,OK
2026-08-24 08:41:13,reading,31.0,49.0,0.31,OK
2026-08-24 08:41:15,reading,31.0,49.0,0.31,OK
2026-08-24 08:41:17,reading,31.0,49.0,0.31,OK
2026-08-24 08:41:19,reading,31.0,49.0,0.31,OK
2026-08-24 08:41:21,reading,31.0,49.0,0.31,OK
2026-08-24 08:41:23,reading,31.0,49.0,0.31,OK
2026-08-24 08:41:24,reading,31.0,49.0,0.31,OK
2026-08-24 08:41:26,reading,31.0,49.0,0.31,OK
2026-08-24 08:41:28,reading,31.0,49.0,0.31,OK
2026-08-24 08:41:30,reading,31.0,49.0,0.31,OK
2026-08-24 08:41:32,reading,31.0,49.0,0.31,OK
2026-08-24 08:41:34,reading,30.0,51.0,2.43,OK
2026-08-24 08:41:35,reading,30.0,51.0,2.43,OK
2026-08-24 08:41:37,reading,30.0,51.0,2.43,OK
2026-08-24 08:41:39,reading,30.0,51.0,2.43,OK
2026-08-24 08:41:41,reading,30.0,51.0,2.43,OK
2026-08-24 08:41:43,reading,30.0,51.0,2.43,OK
2026-08-24 08:41:44,reading,30.0,51.0,2.43,OK
2026-08-24 08:41:46,reading,30.0,51.0,2.43,OK
2026-08-24 08:41:48,reading,30.0,51.0,2.43,OK
2026-08-24 08:41:50,reading,30.0,51.0,2.43,OK
2026-08-24 08:41:52,reading,30.0,51.0,2.43,OK
2026-08-24 08:41:54,reading,30.0,51.0,2.43,OK
2026-08-24 08:41:56,reading,30.0,53.0,2.58,OK
2026-08-24 08:41:58,reading,30.0,53.0,2.58,OK
2026-08-24 08:42:00,reading,30.0,53.0,2.58,OK
2026-08-24 08:42:03,reading,30.0,53.0,2.58,OK
2026-08-24 08:42:05,reading,30.0,53.0,2.58,OK
2026-08-24 08:42:07,reading,30.0,53.0,2.58,OK
2026-08-24 08:42:09,reading,30.0,53.0,2.58,OK
2026-08-24 08:42:10,reading,30.0,53.0,2.58,OK
2026-08-24 08:42:12,reading,30.0,53.0,2.58,OK
2026-08-24 08:42:14,reading,30.0,53.0,2.58,OK
2026-08-24 08:42:16,reading,30.0,53.0,2.58,OK
2026-08-24 08:42:18,reading,30.0,53.0,2.58,OK
2026-08-24 08:42:19,reading,30.0,53.0,2.58,OK
2026-08-24 08:42:21,reading,29.0,54.0,0.73,OK
2026-08-24 08:42:23,reading,29.0,54.0,0.73,OK
2026-08-24 08:42:25,reading,29.0,54.0,0.73,OK
2026-08-24 08:42:27,reading,29.0,54.0,0.73,OK
2026-08-24 08:42:29,reading,29.0,54.0,0.73,OK
2026-08-24 08:42:30,reading,29.0,54.0,0.73,OK
2026-08-24 08:42:32,reading,29.0,54.0,0.73,OK
2026-08-24 08:42:34,reading,29.0,54.0,0.73,OK
2026-08-24 08:42:36,reading,29.0,54.0,0.73,OK
2026-08-24 08:42:38,reading,29.0,54.0,0.73,OK
2026-08-24 08:42:40,reading,29.0,54.0,0.73,OK
2026-08-24 08:42:41,reading,29.0,54.0,0.73,OK
2026-08-24 08:42:43,reading,28.0,56.0,0.65,OK
2026-08-24 08:42:45,reading,28.0,56.0,0.65,OK
2026-08-24 08:42:47,reading,28.0,56.0,0.65,OK
2026-08-24 08:42:49,reading,28.0,56.0,0.65,OK
2026-08-24 08:42:51,reading,28.0,56.0,0.65,OK
2026-08-24 08:42:52,reading,28.0,56.0,0.65,OK
2026-08-24 08:42:54,reading,28.0,56.0,0.65,OK
2026-08-24 08:42:56,reading,28.0,56.0,0.65,OK
2026-08-24 08:42:58,reading,28.0,56.0,0.65,OK
2026-08-24 08:43:00,reading,28.0,56.0,0.65,OK
2026-08-24 08:43:01,reading,28.0,56.0,0.65,OK
2026-08-24 08:43:03,reading,28.0,56.0,0.65,OK
2026-08-24 08:43:05,reading,28.0,56.0,0.65,OK
2026-08-24 08:43:07,reading,28.0,56.0,0.65,OK
2026-08-24 08:43:09,reading,28.0,58.0,0.65,OK
2026-08-24 08:43:11,reading,28.0,58.0,0.65,OK
2026-08-24 08:43:13,reading,28.0,58.0,0.65,OK
2026-08-24 08:43:15,reading,28.0,58.0,0.65,OK
2026-08-24 08:43:17,reading,28.0,58.0,0.65,OK
2026-08-24 08:43:19,reading,28.0,58.0,0.65,OK
2026-08-24 08:43:20,reading,28.0,58.0,0.65,OK
2026-08-24 08:43:22,reading,28.0,58.0,0.65,OK
2026-08-24 08:43:24,reading,28.0,58.0,0.65,OK
2026-08-24 08:43:26,reading,28.0,58.0,0.65,OK
2026-08-24 08:43:28,reading,28.0,58.0,0.65,OK
2026-08-24 08:43:29,reading,28.0,58.0,0.65,OK
2026-08-24 08:43:31,reading,27.0,59.0,0.65,OK
2026-08-24 08:43:33,reading,27.0,59.0,0.65,OK
2026-08-24 08:43:35,reading,27.0,59.0,0.65,OK
2026-08-24 08:43:37,reading,27.0,59.0,0.65,OK
2026-08-24 08:43:38,reading,27.0,59.0,0.65,OK
2026-08-24 08:43:40,reading,27.0,59.0,0.65,OK
2026-08-24 08:43:42,reading,27.0,59.0,0.65,OK
2026-08-24 08:43:44,reading,27.0,59.0,0.65,OK
2026-08-24 08:43:46,reading,27.0,59.0,0.65,OK
2026-08-24 08:43:48,reading,27.0,59.0,0.65,OK
2026-08-24 08:43:50,reading,27.0,59.0,0.65,OK
2026-08-24 08:43:52,reading,27.0,59.0,0.65,OK
2026-08-24 08:43:54,reading,27.0,60.0,0.65,OK
2026-08-24 08:43:56,reading,27.0,60.0,0.65,OK
2026-08-24 08:43:57,reading,27.0,60.0,0.65,OK
2026-08-24 08:43:59,reading,27.0,60.0,0.65,OK
2026-08-24 08:44:01,reading,27.0,60.0,0.65,OK
2026-08-24 08:44:03,reading,27.0,60.0,0.65,OK
2026-08-24 08:44:05,reading,27.0,60.0,0.65,OK
2026-08-24 08:44:07,reading,27.0,60.0,0.65,OK
2026-08-24 08:44:08,reading,27.0,60.0,0.65,OK
2026-08-24 08:44:10,reading,27.0,60.0,0.65,OK
2026-08-24 08:44:12,reading,27.0,60.0,0.65,OK
2026-08-24 08:44:14,reading,27.0,60.0,0.65,OK
2026-08-24 08:44:16,reading,27.0,60.0,0.65,OK
2026-08-24 08:44:17,reading,27.0,60.0,0.65,OK
2026-08-24 08:44:19,reading,27.0,61.0,0.65,OK
2026-08-24 08:44:21,reading,27.0,61.0,0.65,OK
2026-08-24 08:44:23,reading,27.0,61.0,0.65,OK
2026-08-24 08:44:25,reading,27.0,61.0,0.65,OK
2026-08-24 08:44:26,reading,27.0,61.0,0.65,OK
2026-08-24 08:44:28,reading,27.0,61.0,0.65,OK
2026-08-24 08:44:30,reading,27.0,61.0,0.65,OK
2026-08-24 08:44:32,reading,27.0,61.0,0.65,OK
2026-08-24 08:44:34,reading,27.0,61.0,0.65,OK
2026-08-24 08:44:36,reading,27.0,61.0,0.65,OK
2026-08-24 08:44:38,reading,27.0,61.0,0.65,OK
2026-08-24 08:44:40,reading,27.0,61.0,0.65,OK
2026-08-24 08:44:41,reading,27.0,62.0,0.65,OK
2026-08-24 08:44:43,reading,27.0,62.0,0.65,OK
2026-08-24 08:44:45,reading,27.0,62.0,0.65,OK
2026-08-24 08:44:47,reading,27.0,62.0,0.65,OK
2026-08-24 08:44:49,reading,27.0,62.0,0.65,OK
2026-08-24 08:44:50,reading,27.0,62.0,0.65,OK
2026-08-24 08:44:52,reading,27.0,62.0,0.65,OK
2026-08-24 08:44:54,reading,27.0,62.0,0.65,OK
2026-08-24 08:44:56,reading,27.0,62.0,0.65,OK
2026-08-24 08:44:58,reading,27.0,62.0,0.65,OK
2026-08-24 08:45:00,reading,27.0,62.0,0.65,OK
2026-08-24 08:45:01,reading,27.0,62.0,0.65,OK
2026-08-24 08:45:03,reading,27.0,62.0,0.65,OK
2026-08-24 08:45:05,reading,26.0,62.0,0.65,OK
2026-08-24 08:45:07,reading,26.0,62.0,0.65,OK
2026-08-24 08:45:09,reading,26.0,62.0,0.65,OK
2026-08-24 08:45:10,reading,26.0,62.0,0.65,OK
2026-08-24 08:45:12,reading,26.0,62.0,0.65,OK
2026-08-24 08:45:14,reading,26.0,62.0,0.65,OK
2026-08-24 08:45:16,reading,26.0,62.0,0.65,OK
2026-08-24 08:45:18,reading,26.0,62.0,0.65,OK
2026-08-24 08:45:19,reading,26.0,62.0,0.65,OK
2026-08-24 08:45:21,reading,26.0,62.0,0.65,OK
2026-08-24 08:45:23,reading,26.0,62.0,0.65,OK
2026-08-24 08:45:25,reading,26.0,62.0,0.65,OK
2026-08-24 08:45:27,reading,26.0,62.0,0.65,OK
2026-08-24 08:45:29,reading,26.0,63.0,0.65,OK
2026-08-24 08:45:30,reading,26.0,63.0,0.65,OK
2026-08-24 08:45:32,reading,26.0,63.0,0.65,OK
2026-08-24 08:45:34,reading,26.0,63.0,0.65,OK
2026-08-24 08:45:36,reading,26.0,63.0,0.65,OK
2026-08-24 08:45:38,reading,26.0,63.0,0.65,OK
2026-08-24 08:45:40,reading,26.0,63.0,0.65,OK
2026-08-24 08:45:42,reading,26.0,63.0,0.65,OK
2026-08-24 08:45:43,reading,26.0,63.0,0.65,OK
2026-08-24 08:45:45,reading,26.0,63.0,0.65,OK
2026-08-24 08:45:47,reading,26.0,63.0,0.65,OK
2026-08-24 08:45:49,reading,26.0,63.0,0.65,OK
2026-08-24 08:45:51,reading,26.0,63.0,0.65,OK
2026-08-24 08:45:52,reading,26.0,63.0,0.65,OK
2026-08-24 08:45:54,reading,26.0,63.0,0.65,OK
2026-08-24 08:45:56,reading,26.0,63.0,0.65,OK
2026-08-24 08:45:58,reading,26.0,63.0,0.65,OK
2026-08-24 08:46:00,reading,26.0,63.0,0.65,OK
2026-08-24 08:46:01,reading,26.0,63.0,0.65,OK
2026-08-24 08:46:03,reading,26.0,63.0,0.65,OK
2026-08-24 08:46:05,reading,26.0,63.0,0.65,OK
2026-08-24 08:46:07,reading,26.0,63.0,0.65,OK
2026-08-24 08:46:09,reading,26.0,63.0,0.65,OK
2026-08-24 08:46:10,reading,26.0,63.0,0.65,OK
2026-08-24 08:46:12,reading,26.0,63.0,0.65,OK
2026-08-24 08:46:15,reading,26.0,63.0,0.65,OK
2026-08-24 08:46:16,reading,26.0,63.0,0.65,OK
2026-08-24 08:46:19,reading,26.0,63.0,0.65,OK
2026-08-24 08:46:26,reading,26.0,63.0,0.65,OK
2026-08-24 08:46:28,reading,26.0,63.0,0.65,OK
2026-08-24 08:46:30,reading,26.0,63.0,0.65,OK
2026-08-24 08:46:32,reading,26.0,63.0,0.65,OK
2026-08-24 08:46:34,reading,26.0,63.0,0.65,OK
2026-08-24 08:46:40,reading,26.0,63.0,0.65,OK
2026-08-24 08:46:42,reading,26.0,63.0,0.65,OK
2026-08-24 08:46:51,fetch_error,,,,"HTTPSConnectionPool(host='api.thingspeak.com', port=443): Read timed out. (read timeout=5)"
2026-08-24 08:46:59,reading,26.0,63.0,0.65,OK
2026-08-24 08:47:01,reading,26.0,63.0,0.65,OK
2026-08-24 08:47:09,reading,26.0,63.0,0.65,OK
2026-08-24 08:47:15,reading,26.0,63.0,0.65,OK
2026-08-24 08:47:17,reading,26.0,63.0,0.65,OK
2026-08-24 08:47:24,reading,26.0,64.0,0.65,OK
2026-08-24 08:47:26,reading,26.0,64.0,0.65,OK
2026-08-24 08:47:28,reading,26.0,64.0,0.65,OK
2026-08-24 08:47:30,reading,26.0,64.0,0.65,OK
2026-08-24 08:47:32,reading,26.0,64.0,0.65,OK
2026-08-24 08:47:34,reading,26.0,64.0,0.65,OK
2026-08-24 08:47:36,reading,26.0,64.0,0.65,OK
2026-08-24 08:47:37,reading,26.0,64.0,0.65,OK
2026-08-24 08:47:39,reading,26.0,64.0,0.65,OK
2026-08-24 08:47:41,reading,26.0,64.0,0.65,OK
2026-08-24 08:47:43,reading,26.0,64.0,0.65,OK
2026-08-24 08:47:45,reading,26.0,64.0,0.65,OK
2026-08-24 08:47:47,reading,26.0,64.0,0.65,OK
2026-08-24 08:47:48,reading,26.0,64.0,0.65,OK
2026-08-24 08:47:51,reading,26.0,64.0,0.65,OK
2026-08-24 08:47:53,reading,26.0,64.0,0.65,OK
2026-08-24 08:47:55,reading,26.0,64.0,0.65,OK
2026-08-24 08:47:56,reading,26.0,64.0,0.65,OK
2026-08-24 08:47:58,reading,26.0,64.0,0.65,OK
2026-08-24 08:48:00,reading,26.0,64.0,0.65,OK
2026-08-24 08:48:02,reading,26.0,64.0,0.65,OK
2026-08-24 08:48:04,reading,26.0,64.0,0.65,OK
2026-08-24 08:48:05,reading,26.0,64.0,0.65,OK
2026-08-24 08:48:07,reading,26.0,64.0,0.65,OK
2026-08-24 08:48:09,reading,26.0,64.0,0.65,OK
2026-08-24 08:48:11,reading,26.0,64.0,0.65,OK
2026-08-24 08:48:13,reading,26.0,64.0,0.65,OK
2026-08-24 08:48:14,reading,26.0,64.0,0.65,OK
2026-08-24 08:48:16,reading,26.0,64.0,0.65,OK
2026-08-24 08:48:18,reading,26.0,64.0,0.65,OK
2026-08-24 08:48:20,reading,26.0,64.0,0.65,OK
2026-08-24 08:48:22,reading,26.0,64.0,0.65,OK
2026-08-24 08:48:24,reading,26.0,64.0,0.65,OK
2026-08-24 08:48:25,reading,26.0,64.0,0.65,OK
2026-08-24 08:48:27,reading,26.0,64.0,0.65,OK
2026-08-24 08:48:29,reading,26.0,64.0,0.65,OK
2026-08-24 08:48:31,reading,26.0,64.0,0.65,OK
2026-08-24 08:48:33,reading,26.0,64.0,0.65,OK
2026-08-24 08:48:34,reading,26.0,64.0,0.65,OK
2026-08-24 08:48:36,reading,26.0,64.0,0.65,OK
2026-08-24 08:48:38,reading,26.0,64.0,0.65,OK
2026-08-24 08:48:40,reading,26.0,64.0,0.65,OK
2026-08-24 08:48:42,reading,26.0,64.0,0.65,OK
2026-08-24 08:48:43,reading,26.0,64.0,0.65,OK
2026-08-24 08:48:45,reading,26.0,64.0,0.65,OK
2026-08-24 08:48:47,reading,26.0,64.0,0.65,OK
2026-08-24 08:48:50,reading,26.0,64.0,0.65,OK
2026-08-24 08:48:52,reading,26.0,64.0,0.65,OK
2026-08-24 08:48:54,reading,26.0,64.0,0.65,OK
2026-08-24 08:48:55,reading,26.0,65.0,0.65,OK
2026-08-24 08:48:58,reading,26.0,65.0,0.65,OK
2026-08-24 08:48:59,reading,26.0,65.0,0.65,OK
2026-08-24 08:49:01,reading,26.0,65.0,0.65,OK
2026-08-24 08:49:03,reading,26.0,65.0,0.65,OK
2026-08-24 08:49:05,reading,26.0,65.0,0.65,OK
2026-08-24 08:49:07,reading,26.0,65.0,0.65,OK
2026-08-24 08:49:09,reading,26.0,65.0,0.65,OK
2026-08-24 08:49:10,reading,26.0,65.0,0.65,OK
2026-08-24 08:49:12,reading,26.0,65.0,0.65,OK
2026-08-24 08:49:14,reading,26.0,65.0,0.65,OK
2026-08-24 08:49:16,reading,26.0,65.0,0.65,OK
2026-08-24 08:49:18,reading,26.0,65.0,0.65,OK
2026-08-24 08:49:20,reading,26.0,64.0,0.65,OK
2026-08-24 08:49:21,reading,26.0,64.0,0.65,OK
2026-08-24 08:49:23,reading,26.0,64.0,0.65,OK
2026-08-24 08:49:25,reading,26.0,64.0,0.65,OK
2026-08-24 08:49:27,reading,26.0,64.0,0.65,OK
2026-08-24 08:49:29,reading,26.0,64.0,0.65,OK
2026-08-24 08:49:31,reading,26.0,64.0,0.65,OK
2026-08-24 08:49:33,reading,26.0,64.0,0.65,OK
2026-08-24 08:49:34,reading,26.0,64.0,0.65,OK
2026-08-24 08:49:36,reading,26.0,64.0,0.65,OK
2026-08-24 08:49:38,reading,26.0,64.0,0.65,OK
2026-08-24 08:49:40,reading,26.0,64.0,0.65,OK
2026-08-24 08:49:42,reading,26.0,64.0,0.65,OK
2026-08-24 08:49:43,reading,26.0,64.0,0.65,OK
2026-08-24 08:49:45,reading,26.0,64.0,0.65,OK
2026-08-24 08:49:47,reading,26.0,64.0,0.65,OK
2026-08-24 08:49:50,reading,26.0,64.0,0.65,OK
2026-08-24 08:49:51,reading,26.0,64.0,0.65,OK
2026-08-24 08:49:53,reading,26.0,64.0,0.65,OK
2026-08-24 08:49:55,reading,26.0,64.0,0.65,OK
2026-08-24 08:49:57,reading,26.0,64.0,0.65,OK
2026-08-24 08:49:59,reading,26.0,64.0,0.65,OK
2026-08-24 08:50:01,reading,26.0,64.0,0.65,OK
2026-08-24 08:50:03,reading,26.0,64.0,0.65,OK
2026-08-24 08:50:05,reading,26.0,64.0,0.65,OK
2026-08-24 08:50:07,reading,26.0,65.0,0.65,OK
2026-08-24 08:50:09,reading,26.0,65.0,0.65,OK
2026-08-24 08:50:11,reading,26.0,65.0,0.65,OK
2026-08-24 08:50:12,reading,26.0,65.0,0.65,OK
2026-08-24 08:50:14,reading,26.0,65.0,0.65,OK
2026-08-24 08:50:16,reading,26.0,65.0,0.65,OK
2026-08-24 08:50:18,reading,26.0,65.0,0.65,OK
2026-08-24 08:50:20,reading,26.0,65.0,0.65,OK
2026-08-24 08:50:21,reading,26.0,65.0,0.65,OK
2026-08-24 08:50:23,reading,26.0,65.0,0.65,OK
2026-08-24 08:50:25,reading,26.0,65.0,0.65,OK
2026-08-24 08:50:27,reading,26.0,65.0,0.65,OK
2026-08-24 08:50:29,reading,26.0,65.0,0.65,OK
2026-08-24 08:50:31,reading,26.0,66.0,0.65,OK
2026-08-24 08:50:32,reading,26.0,66.0,0.65,OK
2026-08-24 08:50:34,reading,26.0,66.0,0.65,OK
2026-08-24 08:50:36,reading,26.0,66.0,0.65,OK
2026-08-24 08:50:38,reading,26.0,66.0,0.65,OK
2026-08-24 08:50:40,reading,26.0,66.0,0.65,OK
2026-08-24 08:50:42,reading,26.0,66.0,0.65,OK
2026-08-24 08:50:43,reading,26.0,66.0,0.65,OK
2026-08-24 08:50:45,reading,26.0,66.0,0.65,OK
2026-08-24 08:50:47,reading,26.0,66.0,0.65,OK
2026-08-24 08:50:49,reading,26.0,66.0,0.65,OK
2026-08-24 08:50:51,reading,26.0,66.0,0.65,OK
2026-08-24 08:50:53,reading,26.0,66.0,0.65,OK
2026-08-24 08:50:55,reading,26.0,66.0,0.65,OK
2026-08-24 08:50:57,reading,26.0,66.0,0.65,OK
2026-08-24 08:50:59,reading,26.0,66.0,0.65,OK
2026-08-24 08:51:01,reading,26.0,66.0,0.65,OK
2026-08-24 08:51:03,reading,26.0,66.0,0.65,OK
2026-08-24 08:51:06,reading,26.0,66.0,0.65,OK
2026-08-24 08:51:09,reading,26.0,66.0,0.65,OK
2026-08-24 08:51:10,reading,26.0,66.0,0.65,OK
2026-08-24 08:51:12,reading,26.0,66.0,0.65,OK
2026-08-24 08:51:14,reading,26.0,66.0,0.65,OK
2026-08-24 08:51:21,reading,26.0,65.0,0.65,OK
2026-08-24 08:51:23,reading,26.0,65.0,0.65,OK
2026-08-24 08:51:25,reading,26.0,65.0,0.65,OK
2026-08-24 08:51:27,reading,26.0,65.0,0.65,OK
2026-08-24 08:51:28,reading,26.0,65.0,0.65,OK
2026-08-24 08:51:30,reading,26.0,65.0,0.65,OK
2026-08-24 08:51:32,reading,26.0,65.0,0.65,OK
2026-08-24 08:51:34,reading,26.0,65.0,0.65,OK
2026-08-24 08:51:36,reading,26.0,65.0,0.65,OK
2026-08-24 08:51:43,reading,26.0,65.0,0.65,OK
2026-08-24 08:51:44,reading,26.0,65.0,0.65,OK
2026-08-24 08:51:46,reading,26.0,65.0,0.65,OK
2026-08-24 08:51:48,reading,26.0,65.0,0.65,OK
2026-08-24 08:51:50,reading,26.0,65.0,0.65,OK
2026-08-24 08:51:52,reading,26.0,65.0,0.65,OK
2026-08-24 08:51:53,reading,26.0,65.0,0.65,OK
2026-08-24 08:51:55,reading,26.0,65.0,0.65,OK
2026-08-24 08:52:02,reading,26.0,65.0,0.65,OK
2026-08-24 08:52:04,reading,26.0,65.0,0.65,OK
2026-08-24 08:52:06,reading,26.0,65.0,0.65,OK
2026-08-24 08:52:08,reading,26.0,65.0,0.65,OK
2026-08-24 08:52:10,reading,26.0,65.0,0.65,OK
2026-08-24 08:52:11,reading,26.0,65.0,0.65,OK
2026-08-24 08:52:13,reading,26.0,65.0,0.65,OK
2026-08-24 08:52:20,reading,26.0,65.0,0.65,OK
2026-08-24 08:52:22,reading,26.0,65.0,0.65,OK
2026-08-24 08:52:24,reading,26.0,65.0,0.65,OK
2026-08-24 08:52:26,reading,26.0,65.0,0.65,OK
2026-08-24 08:52:28,reading,26.0,65.0,0.65,OK
2026-08-24 08:52:34,reading,26.0,65.0,0.65,OK
2026-08-24 08:52:36,reading,26.0,65.0,0.65,OK
2026-08-24 08:52:43,reading,26.0,65.0,0.65,OK
2026-08-24 08:52:45,reading,26.0,65.0,0.65,OK
2026-08-24 08:52:52,reading,26.0,65.0,0.65,OK
2026-08-24 08:52:54,reading,26.0,65.0,0.65,OK
2026-08-24 08:52:56,reading,26.0,66.0,0.65,OK
2026-08-24 08:52:57,reading,26.0,66.0,0.65,OK
2026-08-24 08:52:59,reading,26.0,66.0,0.65,OK
2026-08-24 08:53:01,reading,26.0,66.0,0.65,OK
2026-08-24 08:53:03,reading,26.0,66.0,0.65,OK
2026-08-24 08:53:05,reading,26.0,66.0,0.65,OK
2026-08-24 08:53:07,reading,26.0,66.0,0.65,OK
2026-08-24 08:53:08,reading,26.0,66.0,0.65,OK
2026-08-24 08:53:10,reading,26.0,66.0,0.65,OK
2026-08-24 08:53:12,reading,26.0,66.0,0.65,OK
2026-08-24 08:53:14,reading,26.0,66.0,0.65,OK
2026-08-24 08:53:16,reading,26.0,66.0,0.65,OK
2026-08-24 08:53:18,reading,26.0,66.0,0.65,OK
2026-08-24 08:53:20,reading,26.0,70.0,0.65,OK
2026-08-24 08:53:21,reading,26.0,70.0,0.65,OK
2026-08-24 08:53:23,reading,26.0,70.0,0.65,OK
2026-08-24 08:53:25,reading,26.0,70.0,0.65,OK
2026-08-24 08:53:29,reading,26.0,70.0,0.65,OK
2026-08-24 08:53:31,reading,26.0,70.0,0.65,OK
2026-08-24 08:53:33,reading,26.0,70.0,0.65,OK
2026-08-24 08:53:35,reading,26.0,70.0,0.65,OK
2026-08-24 08:53:37,reading,26.0,70.0,0.65,OK
2026-08-24 08:53:39,reading,26.0,70.0,0.65,OK
2026-08-24 08:53:41,reading,26.0,70.0,0.65,OK
2026-08-24 08:53:43,reading,26.0,70.0,0.65,OK
2026-08-24 08:53:45,reading,26.0,65.0,0.65,OK
2026-08-24 08:53:47,reading,26.0,65.0,0.65,OK
2026-08-24 08:53:48,reading,26.0,65.0,0.65,OK
2026-08-24 08:53:50,reading,26.0,65.0,0.65,OK
2026-08-24 08:53:52,reading,26.0,65.0,0.65,OK
2026-08-24 08:53:54,reading,26.0,65.0,0.65,OK
2026-08-24 08:53:56,reading,26.0,65.0,0.65,OK
2026-08-24 08:53:58,reading,26.0,65.0,0.65,OK
2026-08-24 08:54:00,reading,26.0,65.0,0.65,OK
2026-08-24 08:54:01,reading,26.0,65.0,0.65,OK
2026-08-24 08:54:03,reading,26.0,65.0,0.65,OK
2026-08-24 08:54:05,reading,26.0,65.0,0.65,OK
2026-08-24 08:54:07,reading,26.0,65.0,0.65,OK
2026-08-24 08:54:09,reading,26.0,65.0,0.65,OK
2026-08-24 08:54:11,reading,26.0,65.0,0.65,OK
2026-08-24 08:54:13,reading,26.0,65.0,0.65,OK
2026-08-24 08:54:15,reading,26.0,65.0,0.65,OK
2026-08-24 08:54:16,reading,26.0,65.0,0.65,OK
2026-08-24 08:54:18,reading,26.0,65.0,0.65,OK
2026-08-24 08:54:20,reading,26.0,65.0,0.65,OK
2026-08-24 08:54:22,reading,26.0,65.0,0.65,OK
2026-08-24 08:54:24,reading,26.0,65.0,0.65,OK
2026-08-24 08:54:25,reading,26.0,65.0,0.65,OK
2026-08-24 08:54:27,reading,26.0,65.0,0.65,OK
2026-08-24 08:54:29,reading,26.0,65.0,0.65,OK
2026-08-24 08:54:31,reading,26.0,65.0,0.65,OK
2026-08-24 08:54:33,reading,26.0,65.0,0.65,OK
2026-08-24 08:54:35,reading,26.0,65.0,0.65,OK
2026-08-24 08:54:36,reading,26.0,65.0,0.65,OK
2026-08-24 08:54:38,reading,26.0,65.0,0.65,OK
2026-08-24 08:54:40,reading,26.0,65.0,0.65,OK
2026-08-24 08:54:42,reading,26.0,65.0,0.65,OK
2026-08-24 08:54:44,reading,26.0,65.0,0.65,OK
2026-08-24 08:54:45,reading,26.0,65.0,0.65,OK
2026-08-24 08:54:47,reading,26.0,65.0,0.65,OK
2026-08-24 08:54:49,reading,26.0,65.0,0.65,OK
2026-08-24 08:54:51,reading,26.0,65.0,0.65,OK
2026-08-24 08:54:53,reading,26.0,65.0,0.65,OK
2026-08-24 08:54:54,reading,26.0,65.0,0.65,OK
2026-08-24 08:54:56,reading,26.0,65.0,0.65,OK
2026-08-24 08:54:58,reading,26.0,65.0,0.65,OK
2026-08-24 08:55:00,reading,26.0,65.0,0.65,OK
2026-08-24 08:55:02,reading,26.0,65.0,0.65,OK
2026-08-24 08:55:04,reading,26.0,65.0,0.65,OK
2026-08-24 08:55:05,reading,26.0,65.0,0.65,OK
2026-08-24 08:55:07,reading,26.0,65.0,0.65,OK
2026-08-24 08:55:09,reading,26.0,65.0,0.65,OK
2026-08-24 08:55:11,reading,26.0,65.0,0.65,OK
2026-08-24 08:55:13,reading,26.0,65.0,0.65,OK
2026-08-24 08:55:14,reading,26.0,65.0,0.65,OK
2026-08-24 08:55:16,reading,26.0,65.0,0.65,OK
2026-08-24 08:55:18,reading,26.0,65.0,0.65,OK
2026-08-24 08:55:20,reading,26.0,65.0,0.65,OK
2026-08-24 08:55:22,reading,26.0,65.0,0.65,OK
2026-08-24 08:55:24,reading,26.0,65.0,0.65,OK
2026-08-24 08:55:29,reading,26.0,65.0,0.65,OK
2026-08-24 08:55:30,reading,26.0,65.0,0.65,OK
2026-08-24 08:55:32,reading,26.0,65.0,0.65,OK
2026-08-24 08:55:34,reading,26.0,65.0,0.65,OK
2026-08-24 08:55:36,reading,26.0,65.0,0.65,OK
2026-08-24 08:55:38,reading,26.0,65.0,0.65,OK
2026-08-24 08:55:40,reading,26.0,65.0,0.65,OK
2026-08-24 08:55:42,reading,26.0,65.0,0.65,OK
2026-08-24 08:55:43,reading,26.0,65.0,0.65,OK
2026-08-24 08:55:45,reading,26.0,65.0,0.65,OK
2026-08-24 08:55:47,reading,26.0,65.0,0.65,OK
2026-08-24 08:55:49,reading,26.0,65.0,0.65,OK
2026-08-24 08:55:51,reading,26.0,65.0,0.65,OK
2026-08-24 08:55:53,reading,26.0,65.0,0.65,OK
2026-08-24 08:55:54,reading,26.0,65.0,0.65,OK
2026-08-24 08:55:56,reading,26.0,65.0,0.65,OK
2026-08-24 08:55:58,reading,26.0,65.0,0.65,OK
2026-08-24 08:56:00,reading,26.0,65.0,0.65,OK
2026-08-24 08:56:07,reading,26.0,65.0,0.65,OK
2026-08-24 08:56:09,reading,26.0,65.0,0.65,OK
2026-08-24 08:56:10,reading,26.0,65.0,0.65,OK
2026-08-24 08:56:12,reading,26.0,65.0,0.65,OK
2026-08-24 08:56:14,reading,26.0,65.0,0.65,OK
2026-08-24 08:56:16,reading,26.0,65.0,0.65,OK
2026-08-24 08:56:18,reading,26.0,65.0,0.65,OK
2026-08-24 08:56:20,reading,26.0,65.0,0.65,OK
2026-08-24 08:56:21,reading,26.0,65.0,0.65,OK
2026-08-24 08:56:23,reading,26.0,65.0,0.65,OK
2026-08-24 08:56:25,reading,26.0,65.0,0.65,OK
2026-08-24 08:56:27,reading,26.0,65.0,0.65,OK
2026-08-24 08:56:29,reading,26.0,65.0,0.65,OK
2026-08-24 08:56:31,reading,26.0,65.0,0.65,OK
2026-08-24 08:56:33,reading,26.0,65.0,0.65,OK
2026-08-24 08:56:35,reading,26.0,65.0,0.65,OK
2026-08-24 08:56:37,reading,26.0,65.0,0.65,OK
2026-08-24 08:56:39,reading,26.0,65.0,0.65,OK
2026-08-24 08:56:41,reading,26.0,65.0,0.65,OK
2026-08-24 08:56:42,reading,26.0,65.0,0.65,OK
2026-08-24 08:56:44,reading,26.0,65.0,0.65,OK
2026-08-24 08:56:46,reading,26.0,65.0,0.65,OK
2026-08-24 08:56:48,reading,26.0,65.0,0.65,OK
2026-08-24 08:56:50,reading,26.0,65.0,0.65,OK
2026-08-24 08:56:52,reading,26.0,65.0,0.65,OK
2026-08-24 08:56:54,reading,26.0,65.0,0.65,OK
2026-08-24 08:56:55,reading,26.0,65.0,0.65,OK
2026-08-24 08:56:57,reading,26.0,65.0,0.65,OK
2026-08-24 08:56:59,reading,26.0,65.0,0.65,OK
2026-08-24 08:57:01,reading,26.0,65.0,0.65,OK
2026-08-24 08:57:03,reading,26.0,65.0,0.65,OK
2026-08-24 08:57:05,reading,26.0,65.0,0.65,OK
2026-08-24 08:57:06,reading,26.0,65.0,0.65,OK
2026-08-24 08:57:08,reading,26.0,65.0,0.65,OK
2026-08-24 08:57:10,reading,26.0,65.0,0.65,OK
2026-08-24 08:57:12,reading,26.0,65.0,0.65,OK
2026-08-24 08:57:14,reading,26.0,65.0,0.65,OK
2026-08-24 08:57:16,reading,26.0,65.0,0.65,OK
2026-08-24 08:57:17,reading,26.0,65.0,0.65,OK
2026-08-24 08:57:19,reading,26.0,65.0,0.65,OK
2026-08-24 08:57:21,reading,26.0,65.0,0.65,OK
2026-08-24 08:57:23,reading,26.0,65.0,0.65,OK
2026-08-24 08:57:25,reading,26.0,65.0,0.65,OK
2026-08-24 08:57:27,reading,26.0,65.0,0.65,OK
2026-08-24 08:57:29,reading,26.0,65.0,0.65,OK
2026-08-24 08:57:30,reading,26.0,65.0,0.65,OK
2026-08-24 08:57:32,reading,26.0,65.0,0.65,OK
2026-08-24 08:57:34,reading,26.0,65.0,0.65,OK
2026-08-24 08:57:36,reading,26.0,65.0,0.65,OK
2026-08-24 08:57:38,reading,26.0,65.0,0.65,OK
2026-08-24 08:57:43,reading,26.0,65.0,0.65,OK
2026-08-24 08:57:45,reading,26.0,65.0,0.65,OK
2026-08-24 08:57:47,reading,26.0,65.0,0.65,OK
2026-08-24 08:57:49,reading,26.0,65.0,0.65,OK
2026-08-24 08:57:51,reading,26.0,65.0,0.65,OK
2026-08-24 08:57:53,reading,26.0,65.0,0.65,OK
2026-08-24 08:57:55,reading,26.0,65.0,0.65,OK
2026-08-24 08:57:57,reading,26.0,65.0,0.65,OK
2026-08-24 08:57:58,reading,26.0,65.0,0.65,OK
2026-08-24 08:58:00,reading,26.0,65.0,0.65,OK
2026-08-24 08:58:02,reading,26.0,65.0,0.65,OK
2026-08-24 08:58:04,reading,26.0,65.0,0.65,OK
2026-08-24 08:58:06,reading,26.0,65.0,0.65,OK
2026-08-24 08:58:08,reading,26.0,65.0,0.65,OK
2026-08-24 08:58:10,reading,26.0,65.0,0.65,OK
2026-08-24 08:58:12,reading,26.0,65.0,0.65,OK
2026-08-24 08:58:14,reading,26.0,65.0,0.65,OK
2026-08-24 08:58:15,reading,26.0,65.0,0.65,OK
2026-08-24 08:58:17,reading,26.0,65.0,0.65,OK
2026-08-24 08:58:19,reading,26.0,65.0,0.65,OK
2026-08-24 08:58:21,reading,26.0,65.0,0.65,OK
2026-08-24 08:58:23,reading,26.0,65.0,0.65,OK
2026-08-24 08:58:25,reading,26.0,65.0,0.65,OK
2026-08-24 08:58:27,reading,26.0,65.0,0.65,OK
2026-08-24 08:58:30,reading,26.0,81.0,0.65,OK
2026-08-24 08:58:32,reading,26.0,81.0,0.65,OK
2026-08-24 08:58:38,reading,26.0,81.0,0.65,OK
2026-08-24 08:58:41,reading,26.0,81.0,0.65,OK
2026-08-24 08:58:43,reading,26.0,81.0,0.65,OK
2026-08-24 08:58:45,reading,26.0,81.0,0.65,OK
2026-08-24 08:58:47,reading,26.0,81.0,0.65,OK
2026-08-24 08:58:49,reading,26.0,81.0,0.65,OK
2026-08-24 08:58:51,reading,26.0,81.0,0.65,OK
2026-08-24 08:58:53,reading,27.0,77.0,0.65,OK
2026-08-24 08:58:55,reading,27.0,77.0,0.65,OK
2026-08-24 08:58:57,reading,27.0,77.0,0.65,OK
2026-08-24 08:58:59,reading,27.0,77.0,0.65,OK
2026-08-24 08:59:01,reading,27.0,77.0,0.65,OK
2026-08-24 08:59:03,reading,27.0,77.0,0.65,OK
2026-08-24 08:59:05,reading,27.0,77.0,0.65,OK
2026-08-24 08:59:07,reading,27.0,77.0,0.65,OK
2026-08-24 08:59:08,reading,27.0,77.0,0.65,OK
2026-08-24 08:59:10,reading,27.0,77.0,0.65,OK
2026-08-24 08:59:13,reading,27.0,77.0,0.65,OK
2026-08-24 08:59:14,reading,27.0,77.0,0.65,OK
2026-08-24 08:59:16,reading,27.0,77.0,0.65,OK
2026-08-24 08:59:18,reading,27.0,77.0,0.65,OK
2026-08-24 08:59:20,reading,28.0,71.0,0.65,OK
2026-08-24 08:59:22,reading,28.0,71.0,0.65,OK
2026-08-24 08:59:24,reading,28.0,71.0,0.65,OK
2026-08-24 08:59:29,reading,28.0,71.0,0.65,OK
2026-08-24 08:59:31,reading,28.0,71.0,0.65,OK
2026-08-24 08:59:33,reading,28.0,71.0,0.65,OK
2026-08-24 08:59:35,reading,28.0,71.0,0.65,OK
2026-08-24 08:59:37,reading,28.0,71.0,0.65,OK
2026-08-24 08:59:39,reading,28.0,71.0,0.65,OK
2026-08-24 08:59:41,reading,28.0,71.0,0.65,OK
2026-08-24 08:59:43,reading,27.0,62.0,0.65,OK
2026-08-24 08:59:45,reading,27.0,62.0,0.65,OK
2026-08-24 08:59:47,reading,27.0,62.0,0.65,OK
2026-08-24 08:59:49,reading,27.0,62.0,0.65,OK
2026-08-24 08:59:51,reading,27.0,62.0,0.65,OK
2026-08-24 08:59:53,reading,27.0,62.0,0.65,OK
2026-08-24 08:59:56,reading,27.0,62.0,0.65,OK
2026-08-24 08:59:58,reading,27.0,62.0,0.65,OK
2026-08-24 09:00:02,reading,27.0,62.0,0.65,OK
2026-08-24 09:00:09,reading,27.0,62.0,0.65,OK
2026-08-24 09:00:11,reading,27.0,62.0,0.65,OK
2026-08-24 09:00:15,reading,27.0,62.0,0.65,OK
2026-08-24 09:00:17,reading,27.0,62.0,0.65,OK
2026-08-24 09:00:19,reading,27.0,62.0,0.65,OK
2026-08-24 09:00:22,reading,27.0,62.0,0.65,OK
2026-08-24 09:00:24,reading,27.0,62.0,0.65,OK
2026-08-24 09:00:26,reading,27.0,62.0,0.65,OK
2026-08-24 09:00:28,reading,27.0,62.0,0.65,OK
2026-08-24 09:00:30,reading,27.0,62.0,0.65,OK
2026-08-24 09:00:32,reading,27.0,62.0,0.65,OK
2026-08-24 09:00:34,reading,27.0,62.0,0.65,OK
2026-08-24 09:00:36,reading,27.0,63.0,0.65,OK
2026-08-24 09:00:37,reading,27.0,63.0,0.65,OK
2026-08-24 09:00:39,reading,27.0,63.0,0.65,OK
2026-08-24 09:00:43,reading,27.0,63.0,0.65,OK
2026-08-24 09:00:45,reading,27.0,63.0,0.65,OK
2026-08-24 09:00:47,reading,27.0,63.0,0.65,OK
2026-08-24 09:00:49,reading,27.0,63.0,0.65,OK
2026-08-24 09:00:51,reading,27.0,63.0,0.65,OK
2026-08-24 09:00:57,reading,27.0,63.0,0.65,OK
2026-08-24 09:01:02,reading,27.0,63.0,0.65,OK
2026-08-24 09:01:04,reading,27.0,63.0,0.65,OK
2026-08-24 09:01:09,reading,27.0,63.0,0.65,OK
2026-08-24 09:01:12,reading,27.0,63.0,0.65,OK
2026-08-24 09:01:15,reading,27.0,63.0,0.65,OK
2026-08-24 09:01:19,reading,27.0,63.0,0.65,OK
2026-08-24 09:01:20,reading,27.0,63.0,0.65,OK
2026-08-24 09:01:25,reading,27.0,63.0,0.65,OK
2026-08-24 09:01:27,reading,26.0,64.0,0.65,OK
2026-08-24 09:01:29,reading,26.0,64.0,0.65,OK
2026-08-24 09:01:31,reading,26.0,64.0,0.65,OK
2026-08-24 09:01:33,reading,26.0,64.0,0.65,OK
2026-08-24 09:01:35,reading,26.0,64.0,0.65,OK
2026-08-24 09:01:37,reading,26.0,64.0,0.65,OK
2026-08-24 09:01:38,reading,26.0,64.0,0.65,OK
2026-08-24 09:01:41,reading,26.0,64.0,0.65,OK
2026-08-24 09:01:43,reading,26.0,64.0,0.65,OK
2026-08-24 09:01:44,reading,26.0,64.0,0.65,OK
2026-08-24 09:01:47,reading,26.0,64.0,0.65,OK
2026-08-24 09:01:49,reading,26.0,64.0,0.65,OK
2026-08-24 09:01:51,reading,26.0,64.0,0.65,OK
2026-08-24 09:01:53,reading,26.0,64.0,0.65,OK
2026-08-24 09:01:54,reading,26.0,64.0,0.65,OK
2026-08-24 09:01:56,reading,26.0,64.0,0.65,OK
2026-08-24 09:01:58,reading,26.0,64.0,0.65,OK
2026-08-24 09:02:01,reading,26.0,64.0,0.65,OK
2026-08-24 09:02:02,reading,26.0,64.0,0.65,OK
2026-08-24 09:02:04,reading,26.0,64.0,0.65,OK
2026-08-24 09:02:06,reading,26.0,64.0,0.65,OK
2026-08-24 09:02:08,reading,26.0,64.0,0.65,OK
2026-08-24 09:02:10,reading,26.0,64.0,0.65,OK
2026-08-24 09:02:12,reading,26.0,64.0,0.65,OK
2026-08-24 09:02:14,reading,26.0,65.0,0.65,OK
2026-08-24 09:02:16,reading,26.0,65.0,0.65,OK
2026-08-24 09:02:18,reading,26.0,65.0,0.65,OK
2026-08-24 09:02:19,reading,26.0,65.0,0.65,OK
2026-08-24 09:02:21,reading,26.0,65.0,0.65,OK
2026-08-24 09:02:23,reading,26.0,65.0,0.65,OK
2026-08-24 09:02:25,reading,26.0,65.0,0.65,OK
2026-08-24 09:02:27,reading,26.0,65.0,0.65,OK
2026-08-24 09:02:29,reading,26.0,65.0,0.65,OK
2026-08-24 09:02:31,reading,26.0,65.0,0.65,OK
2026-08-24 09:02:33,reading,26.0,65.0,0.65,OK
2026-08-24 09:02:34,reading,26.0,65.0,0.65,OK
2026-08-24 09:02:36,reading,26.0,65.0,0.65,OK
2026-08-24 09:02:38,reading,26.0,66.0,0.65,OK
2026-08-24 09:02:40,reading,26.0,66.0,0.65,OK
2026-08-24 09:02:42,reading,26.0,66.0,0.65,OK
2026-08-24 09:02:44,reading,26.0,66.0,0.65,OK
2026-08-24 09:02:46,reading,26.0,66.0,0.65,OK
2026-08-24 09:02:48,reading,26.0,66.0,0.65,OK
2026-08-24 09:02:50,reading,26.0,66.0,0.65,OK
2026-08-24 09:02:52,reading,26.0,66.0,0.65,OK
2026-08-24 09:02:54,reading,26.0,66.0,0.65,OK
2026-08-24 09:02:56,reading,26.0,66.0,0.65,OK
2026-08-24 09:02:58,reading,26.0,66.0,0.65,OK
2026-08-24 09:03:02,reading,26.0,66.0,0.65,OK
2026-08-24 09:03:04,reading,26.0,66.0,0.65,OK
2026-08-24 09:03:06,reading,26.0,66.0,0.65,OK
2026-08-24 09:03:08,reading,26.0,66.0,0.65,OK
2026-08-24 09:03:09,reading,26.0,66.0,0.65,OK
2026-08-24 09:03:11,reading,26.0,66.0,0.65,OK
2026-08-24 09:03:13,reading,26.0,66.0,0.65,OK
2026-08-24 09:03:15,reading,26.0,66.0,0.65,OK
2026-08-24 09:03:17,reading,26.0,66.0,0.65,OK
2026-08-24 09:03:19,reading,26.0,66.0,0.65,OK
2026-08-24 09:03:21,reading,26.0,66.0,0.65,OK
2026-08-24 09:03:25,reading,26.0,66.0,0.65,OK
2026-08-24 09:03:26,reading,26.0,66.0,0.65,OK
2026-08-24 09:03:28,reading,26.0,66.0,0.65,OK
2026-08-24 09:03:31,reading,26.0,66.0,0.65,OK
2026-08-24 09:03:33,reading,26.0,66.0,0.65,OK
2026-08-24 09:03:35,reading,26.0,66.0,0.65,OK
2026-08-24 09:03:37,reading,26.0,66.0,0.65,OK
2026-08-24 09:03:39,reading,26.0,66.0,0.65,OK
2026-08-24 09:03:41,reading,26.0,66.0,0.65,OK
2026-08-24 09:03:43,reading,26.0,66.0,0.65,OK
2026-08-24 09:03:45,reading,26.0,66.0,0.65,OK
2026-08-24 09:03:46,reading,26.0,66.0,0.65,OK
2026-08-24 09:03:48,reading,26.0,66.0,0.65,OK
2026-08-24 09:03:50,reading,26.0,66.0,0.65,OK
2026-08-24 09:03:52,reading,26.0,66.0,0.65,OK
2026-08-24 09:03:54,reading,26.0,66.0,0.65,OK
2026-08-24 09:03:56,reading,26.0,66.0,0.65,OK
2026-08-24 09:03:58,reading,26.0,66.0,0.65,OK
2026-08-24 09:04:02,reading,26.0,66.0,0.65,OK
2026-08-24 09:04:03,reading,26.0,66.0,0.65,OK
2026-08-24 09:04:05,reading,26.0,66.0,0.65,OK
2026-08-24 09:04:07,reading,26.0,66.0,0.65,OK
2026-08-24 09:04:09,reading,26.0,66.0,0.65,OK
2026-08-24 09:04:11,reading,26.0,66.0,0.65,OK
2026-08-24 09:04:13,reading,26.0,66.0,0.65,OK
2026-08-24 09:04:15,reading,26.0,66.0,0.65,OK
2026-08-24 09:04:17,reading,26.0,66.0,0.65,OK
2026-08-24 09:04:19,reading,26.0,66.0,0.65,OK
2026-08-24 09:04:21,reading,26.0,66.0,0.65,OK
2026-08-24 09:04:23,reading,26.0,66.0,0.65,OK
2026-08-24 09:04:25,reading,26.0,66.0,0.65,OK
2026-08-24 09:04:27,reading,26.0,66.0,0.65,OK
2026-08-24 09:04:29,reading,26.0,66.0,0.65,OK
2026-08-24 09:04:31,reading,26.0,66.0,0.65,OK
2026-08-24 09:04:33,reading,26.0,66.0,0.65,OK
2026-08-24 09:04:35,reading,26.0,66.0,0.65,OK
2026-08-24 09:04:36,reading,26.0,66.0,0.65,OK
2026-08-24 09:04:38,reading,26.0,66.0,0.65,OK
2026-08-24 09:04:40,reading,26.0,66.0,0.65,OK
2026-08-24 09:04:42,reading,26.0,66.0,0.65,OK
2026-08-24 09:04:44,reading,26.0,66.0,0.65,OK
2026-08-24 09:04:46,reading,26.0,66.0,0.65,OK
2026-08-24 09:04:48,reading,26.0,66.0,0.65,OK
2026-08-24 09:04:50,reading,26.0,66.0,0.65,OK
2026-08-24 09:04:52,reading,26.0,66.0,0.65,OK
2026-08-24 09:04:54,reading,26.0,66.0,0.65,OK
2026-08-24 09:04:56,reading,26.0,66.0,0.65,OK
2026-08-24 09:04:58,reading,26.0,66.0,0.65,OK
2026-08-24 09:05:00,reading,26.0,66.0,0.65,OK
2026-08-24 09:05:02,reading,26.0,66.0,0.65,OK
2026-08-24 09:05:04,reading,26.0,66.0,0.65,OK
2026-08-24 09:05:06,reading,26.0,66.0,0.65,OK
2026-08-24 09:05:07,reading,26.0,66.0,0.65,OK
2026-08-24 09:05:09,reading,26.0,66.0,0.65,OK
2026-08-24 09:05:11,reading,26.0,66.0,0.65,OK
2026-08-24 09:05:13,reading,26.0,66.0,0.65,OK
2026-08-24 09:05:15,reading,26.0,66.0,0.65,OK
2026-08-24 09:05:22,reading,26.0,66.0,0.65,OK
2026-08-24 09:05:24,reading,26.0,66.0,0.65,OK
2026-08-24 09:05:26,reading,26.0,66.0,0.65,OK
2026-08-24 09:05:28,reading,26.0,66.0,0.65,OK
2026-08-24 09:05:30,reading,26.0,66.0,0.65,OK
2026-08-24 09:05:32,reading,26.0,66.0,0.65,OK
2026-08-24 09:05:34,reading,26.0,66.0,0.65,OK
2026-08-24 09:05:36,reading,26.0,66.0,0.65,OK
2026-08-24 09:05:39,reading,26.0,66.0,0.65,OK
2026-08-24 09:05:41,reading,26.0,66.0,0.65,OK
2026-08-24 09:05:44,reading,26.0,66.0,0.65,OK
2026-08-24 09:05:46,reading,26.0,66.0,0.65,OK
2026-08-24 09:05:48,reading,26.0,66.0,0.65,OK
2026-08-24 09:05:50,reading,26.0,65.0,0.65,OK
2026-08-24 09:05:53,reading,26.0,65.0,0.65,OK
2026-08-24 09:05:57,reading,26.0,65.0,0.65,OK
2026-08-24 09:05:59,reading,26.0,65.0,0.65,OK
2026-08-24 09:06:05,reading,26.0,65.0,0.65,OK
2026-08-24 09:06:09,reading,26.0,65.0,0.65,OK
2026-08-24 09:06:15,reading,26.0,65.0,0.65,OK
2026-08-24 09:06:17,reading,26.0,65.0,0.65,OK
2026-08-24 09:06:22,reading,26.0,65.0,0.65,OK
2026-08-24 09:06:24,reading,26.0,65.0,0.65,OK
2026-08-24 09:06:26,reading,26.0,65.0,0.65,OK
2026-08-24 09:06:28,reading,26.0,65.0,0.65,OK
2026-08-24 09:06:31,reading,26.0,65.0,0.65,OK
2026-08-24 09:06:33,reading,26.0,65.0,0.65,OK
2026-08-24 09:06:35,reading,26.0,65.0,0.65,OK
2026-08-24 09:06:37,reading,26.0,65.0,0.65,OK
2026-08-24 09:06:39,reading,26.0,65.0,0.65,OK
2026-08-24 09:06:46,reading,26.0,65.0,0.65,OK
2026-08-24 09:06:48,reading,26.0,65.0,0.65,OK
2026-08-24 09:06:49,reading,26.0,65.0,0.65,OK
2026-08-24 09:06:51,reading,26.0,65.0,0.65,OK
2026-08-24 09:06:53,reading,26.0,65.0,0.65,OK
2026-08-24 09:06:55,reading,26.0,65.0,0.65,OK
2026-08-24 09:06:57,reading,26.0,65.0,0.65,OK
2026-08-24 09:06:59,reading,26.0,65.0,0.65,OK
2026-08-24 09:07:01,reading,26.0,65.0,0.65,OK
2026-08-24 09:07:03,reading,26.0,65.0,0.65,OK
2026-08-24 09:07:04,reading,26.0,65.0,0.65,OK
2026-08-24 09:07:06,reading,26.0,65.0,0.65,OK
2026-08-24 09:07:08,reading,26.0,65.0,0.65,OK
2026-08-24 09:07:10,reading,26.0,65.0,0.65,OK
2026-08-24 09:07:12,reading,26.0,65.0,0.65,OK
2026-08-24 09:07:14,reading,26.0,65.0,0.65,OK
2026-08-24 09:07:16,reading,26.0,65.0,0.65,OK
2026-08-24 09:07:18,reading,26.0,65.0,0.65,OK
2026-08-24 09:07:19,reading,26.0,65.0,0.65,OK
2026-08-24 09:07:21,reading,26.0,65.0,0.65,OK
2026-08-24 09:07:23,reading,26.0,65.0,0.65,OK
2026-08-24 09:07:25,reading,26.0,65.0,0.65,OK
2026-08-24 09:07:27,reading,26.0,65.0,0.65,OK
2026-08-24 09:07:35,fetch_error,,,,"HTTPSConnectionPool(host='api.thingspeak.com', port=443): Read timed out. (read timeout=5)"
2026-08-24 09:07:43,reading,26.0,65.0,0.65,OK
2026-08-24 09:07:47,reading,26.0,65.0,0.65,OK
2026-08-24 09:07:55,reading,26.0,65.0,0.65,OK
2026-08-24 09:07:57,reading,26.0,65.0,0.65,OK
2026-08-24 09:07:59,reading,26.0,65.0,0.65,OK
2026-08-24 09:08:02,reading,26.0,65.0,0.65,OK
2026-08-24 09:08:04,reading,26.0,65.0,0.65,OK
2026-08-24 09:08:09,reading,26.0,64.0,0.65,OK
2026-08-24 09:08:10,reading,26.0,64.0,0.65,OK
2026-08-24 09:08:16,reading,26.0,64.0,0.65,OK
2026-08-24 09:08:18,reading,26.0,64.0,0.65,OK
2026-08-24 09:08:20,reading,26.0,64.0,0.65,OK
2026-08-24 09:08:21,reading,26.0,64.0,0.65,OK
2026-08-24 09:08:26,reading,26.0,64.0,0.65,OK
2026-08-24 09:08:28,reading,26.0,64.0,0.65,OK
2026-08-24 09:08:30,reading,26.0,64.0,0.65,OK
2026-08-24 09:08:31,reading,26.0,64.0,0.65,OK
2026-08-24 09:08:33,reading,26.0,64.0,0.65,OK
2026-08-24 09:08:35,reading,26.0,64.0,0.65,OK
2026-08-24 09:08:42,reading,26.0,64.0,0.65,OK
2026-08-24 09:08:44,reading,26.0,64.0,0.65,OK
2026-08-24 09:08:46,reading,26.0,64.0,0.65,OK
2026-08-24 09:08:48,reading,26.0,64.0,0.65,OK
2026-08-24 09:08:50,reading,26.0,64.0,0.65,OK
2026-08-24 09:08:51,reading,26.0,64.0,0.65,OK
2026-08-24 09:08:54,reading,26.0,64.0,0.65,OK
2026-08-24 09:08:55,reading,26.0,64.0,0.65,OK
2026-08-24 09:08:57,reading,26.0,64.0,0.65,OK
2026-08-24 09:08:59,reading,26.0,64.0,0.65,OK
2026-08-24 09:09:01,reading,26.0,64.0,0.65,OK
2026-08-24 09:09:03,reading,26.0,64.0,0.65,OK
2026-08-24 09:09:05,reading,26.0,64.0,0.65,OK
2026-08-24 09:09:07,reading,26.0,64.0,0.65,OK
2026-08-24 09:09:09,reading,26.0,64.0,0.65,OK
2026-08-24 09:09:11,reading,26.0,64.0,0.65,OK
2026-08-24 09:09:14,reading,26.0,64.0,0.65,OK
2026-08-24 09:09:16,reading,26.0,64.0,0.65,OK
2026-08-24 09:09:18,reading,26.0,64.0,0.65,OK
2026-08-24 09:09:20,reading,26.0,64.0,0.65,OK
2026-08-24 09:09:22,reading,26.0,64.0,0.65,OK
2026-08-24 09:09:24,reading,26.0,64.0,0.65,OK
2026-08-24 09:09:26,reading,26.0,64.0,0.65,OK
2026-08-24 09:09:28,reading,26.0,64.0,0.65,OK
2026-08-24 09:09:30,reading,26.0,64.0,0.65,OK
2026-08-24 09:09:32,reading,26.0,64.0,0.65,OK
2026-08-24 09:09:33,reading,26.0,64.0,0.65,OK
2026-08-24 09:09:35,reading,26.0,64.0,0.65,OK
2026-08-24 09:09:37,reading,26.0,64.0,0.65,OK
2026-08-24 09:09:39,reading,26.0,64.0,0.65,OK
2026-08-24 09:09:42,reading,26.0,64.0,0.65,OK
2026-08-24 09:09:44,reading,26.0,64.0,0.65,OK
2026-08-24 09:09:46,reading,26.0,64.0,0.65,OK
2026-08-24 09:09:53,reading,26.0,64.0,0.65,OK
2026-08-24 09:09:55,reading,26.0,64.0,0.65,OK
2026-08-24 09:09:57,reading,26.0,64.0,0.65,OK
2026-08-24 09:09:59,reading,26.0,64.0,0.65,OK
2026-08-24 09:10:00,reading,26.0,64.0,0.65,OK
2026-08-24 09:10:02,reading,26.0,64.0,0.65,OK
2026-08-24 09:10:04,reading,26.0,64.0,0.65,OK
2026-08-24 09:10:06,reading,26.0,64.0,0.65,OK
2026-08-24 09:10:10,reading,26.0,64.0,0.65,OK
2026-08-24 09:10:12,reading,26.0,65.0,0.65,OK
2026-08-24 09:10:14,reading,26.0,65.0,0.65,OK
2026-08-24 09:10:17,reading,26.0,65.0,0.65,OK
2026-08-24 09:10:19,reading,26.0,65.0,0.65,OK
2026-08-24 09:10:21,reading,26.0,65.0,0.65,OK
2026-08-24 09:10:22,reading,26.0,65.0,0.65,OK
2026-08-24 09:10:24,reading,26.0,65.0,0.65,OK
2026-08-24 09:10:27,reading,26.0,65.0,0.65,OK
2026-08-24 09:10:28,reading,26.0,65.0,0.65,OK
2026-08-24 09:10:30,reading,26.0,65.0,0.65,OK
2026-08-24 09:10:32,reading,26.0,65.0,0.65,OK
2026-08-24 09:10:34,reading,26.0,65.0,0.65,OK
2026-08-24 09:10:36,reading,26.0,65.0,0.65,OK
2026-08-24 09:10:38,reading,26.0,65.0,0.65,OK
2026-08-24 09:10:40,reading,26.0,65.0,0.65,OK
2026-08-24 09:10:41,reading,26.0,65.0,0.65,OK
2026-08-24 09:10:44,reading,26.0,65.0,0.65,OK
2026-08-24 09:10:46,reading,26.0,65.0,0.65,OK
2026-08-24 09:10:47,reading,26.0,65.0,0.65,OK
2026-08-24 09:10:49,reading,26.0,65.0,0.65,OK
2026-08-24 09:10:51,reading,26.0,65.0,0.65,OK
2026-08-24 09:10:53,reading,26.0,65.0,0.65,OK
2026-08-24 09:10:55,reading,26.0,65.0,0.65,OK
2026-08-24 09:10:57,reading,26.0,65.0,0.65,OK
2026-08-24 09:10:59,reading,26.0,65.0,0.65,OK
2026-08-24 09:11:01,reading,26.0,65.0,0.65,OK
2026-08-24 09:11:03,reading,26.0,65.0,0.65,OK
2026-08-24 09:11:04,reading,26.0,65.0,0.65,OK
2026-08-24 09:11:06,reading,26.0,65.0,0.65,OK
2026-08-24 09:11:08,reading,26.0,65.0,0.65,OK
2026-08-24 09:11:10,reading,26.0,65.0,0.65,OK
2026-08-24 09:11:12,reading,26.0,65.0,0.65,OK
2026-08-24 09:11:14,reading,26.0,65.0,0.65,OK
2026-08-24 09:11:16,reading,26.0,65.0,0.65,OK
2026-08-24 09:11:17,reading,26.0,65.0,0.65,OK
2026-08-24 09:11:19,reading,26.0,65.0,0.65,OK
2026-08-24 09:11:21,reading,26.0,65.0,0.65,OK
2026-08-24 09:11:23,reading,26.0,65.0,0.65,OK
2026-08-24 09:11:25,reading,26.0,65.0,0.65,OK
2026-08-24 09:11:27,reading,26.0,65.0,0.65,OK
2026-08-24 09:11:29,reading,26.0,65.0,0.65,OK
2026-08-24 09:11:30,reading,26.0,65.0,0.65,OK
2026-08-24 09:11:32,reading,26.0,65.0,0.65,OK
2026-08-24 09:11:34,reading,26.0,65.0,0.65,OK
2026-08-24 09:11:36,reading,26.0,65.0,0.65,OK
2026-08-24 09:11:38,reading,26.0,65.0,0.65,OK
2026-08-24 09:11:40,reading,26.0,65.0,0.65,OK
2026-08-24 09:11:43,reading,26.0,65.0,0.65,OK
2026-08-24 09:11:45,reading,26.0,65.0,0.65,OK
2026-08-24 09:11:47,reading,26.0,65.0,0.65,OK
2026-08-24 09:11:49,reading,26.0,65.0,0.65,OK
2026-08-24 09:11:50,reading,26.0,65.0,0.65,OK
2026-08-24 09:11:52,reading,26.0,65.0,0.65,OK
2026-08-24 09:11:54,reading,26.0,65.0,0.65,OK
2026-08-24 09:11:56,reading,26.0,65.0,0.65,OK
2026-08-24 09:11:58,reading,26.0,65.0,0.65,OK
2026-08-24 09:12:00,reading,26.0,65.0,0.65,OK
2026-08-24 09:12:02,reading,26.0,65.0,0.65,OK
2026-08-24 09:12:04,reading,26.0,65.0,0.65,OK
2026-08-24 09:12:06,reading,26.0,65.0,0.65,OK
2026-08-24 09:12:08,reading,26.0,65.0,0.65,OK
2026-08-24 09:12:10,reading,26.0,65.0,0.65,OK
2026-08-24 09:12:12,reading,26.0,65.0,0.65,OK
2026-08-24 09:12:14,reading,26.0,65.0,0.65,OK
2026-08-24 09:12:16,reading,26.0,65.0,0.65,OK
2026-08-24 09:12:17,reading,26.0,65.0,0.65,OK
2026-08-24 09:12:20,reading,26.0,65.0,0.65,OK
2026-08-24 09:12:22,reading,26.0,65.0,0.65,OK
2026-08-24 09:12:24,reading,26.0,65.0,0.65,OK
2026-08-24 09:12:26,reading,26.0,65.0,0.65,OK
2026-08-24 09:12:28,reading,26.0,65.0,0.65,OK
2026-08-24 09:12:30,reading,26.0,65.0,0.65,OK
2026-08-24 09:12:31,reading,26.0,65.0,0.65,OK
2026-08-24 09:12:33,reading,26.0,65.0,0.65,OK
2026-08-24 09:12:35,reading,26.0,65.0,0.65,OK
2026-08-24 09:12:37,reading,26.0,65.0,0.65,OK
2026-08-24 09:12:39,reading,26.0,65.0,0.65,OK
2026-08-24 09:12:41,reading,26.0,65.0,0.65,OK
2026-08-24 09:12:43,reading,26.0,65.0,0.65,OK
2026-08-24 09:12:45,reading,26.0,65.0,0.65,OK
2026-08-24 09:12:47,reading,26.0,65.0,0.65,OK
2026-08-24 09:12:49,reading,26.0,65.0,0.65,OK
2026-08-24 09:12:51,reading,26.0,65.0,0.65,OK
2026-08-24 09:12:53,reading,26.0,65.0,0.65,OK
2026-08-24 09:12:55,reading,26.0,65.0,0.65,OK
2026-08-24 09:12:56,reading,26.0,65.0,0.65,OK
2026-08-24 09:12:58,reading,26.0,65.0,0.65,OK
2026-08-24 09:13:00,reading,26.0,65.0,0.65,OK
2026-08-24 09:13:02,reading,26.0,65.0,0.65,OK
2026-08-24 09:13:04,reading,26.0,65.0,0.65,OK
2026-08-24 09:13:06,reading,26.0,65.0,0.65,OK
2026-08-24 09:13:08,reading,26.0,65.0,0.65,OK
2026-08-24 09:13:10,reading,26.0,65.0,0.65,OK
2026-08-24 09:13:12,reading,26.0,65.0,0.65,OK
2026-08-24 09:13:14,reading,26.0,65.0,0.65,OK
2026-08-24 09:13:16,reading,26.0,65.0,0.65,OK
2026-08-24 09:13:18,reading,26.0,65.0,0.65,OK
2026-08-24 09:13:20,reading,26.0,65.0,0.65,OK
2026-08-24 09:13:22,reading,26.0,65.0,0.65,OK
2026-08-24 09:13:24,reading,26.0,65.0,0.65,OK
2026-08-24 09:13:25,reading,26.0,65.0,0.65,OK
2026-08-24 09:13:32,reading,26.0,65.0,0.65,OK
2026-08-24 09:13:34,reading,26.0,65.0,0.65,OK
2026-08-24 09:13:36,reading,26.0,65.0,0.65,OK
2026-08-24 09:13:38,reading,26.0,65.0,0.65,OK
2026-08-24 09:13:40,reading,26.0,65.0,0.65,OK
2026-08-24 09:13:42,reading,26.0,65.0,0.65,OK
2026-08-24 09:13:44,reading,26.0,65.0,0.65,OK
2026-08-24 09:13:51,reading,26.0,66.0,0.65,OK
2026-08-24 09:13:52,reading,26.0,66.0,0.65,OK
2026-08-24 09:13:54,reading,26.0,66.0,0.65,OK
2026-08-24 09:13:56,reading,26.0,66.0,0.65,OK
2026-08-24 09:13:58,reading,26.0,66.0,0.65,OK
2026-08-24 09:14:00,reading,26.0,66.0,0.65,OK
2026-08-24 09:14:02,reading,26.0,66.0,0.65,OK
2026-08-24 09:14:05,reading,26.0,66.0,0.65,OK
2026-08-24 09:14:07,reading,26.0,66.0,0.65,OK
2026-08-24 09:14:09,reading,26.0,66.0,0.65,OK
2026-08-24 09:14:11,reading,26.0,66.0,0.65,OK
2026-08-24 09:14:14,reading,26.0,66.0,0.65,OK
2026-08-24 09:14:17,reading,26.0,66.0,0.65,OK
2026-08-24 09:14:24,reading,26.0,66.0,0.65,OK
2026-08-24 09:14:27,reading,26.0,66.0,0.65,OK
2026-08-24 09:14:32,reading,26.0,66.0,0.65,OK
2026-08-24 09:14:34,reading,26.0,66.0,0.65,OK
2026-08-24 09:14:36,reading,26.0,66.0,0.65,OK
2026-08-24 09:14:39,reading,26.0,66.0,0.65,OK
2026-08-24 09:14:41,reading,26.0,66.0,0.65,OK
2026-08-24 09:14:43,reading,26.0,66.0,0.65,OK
2026-08-24 09:14:45,reading,26.0,66.0,0.65,OK
2026-08-24 09:14:47,reading,26.0,66.0,0.65,OK
2026-08-24 09:14:49,reading,26.0,66.0,0.65,OK
2026-08-24 09:14:51,reading,26.0,66.0,0.65,OK
2026-08-24 09:14:53,reading,26.0,66.0,0.65,OK
2026-08-24 09:14:54,reading,26.0,66.0,0.65,OK
2026-08-24 09:14:56,reading,26.0,66.0,0.65,OK
2026-08-24 09:14:58,reading,26.0,66.0,0.65,OK
2026-08-24 09:15:01,reading,26.0,66.0,0.65,OK
2026-08-24 09:15:02,reading,26.0,66.0,0.65,OK
2026-08-24 09:15:04,reading,26.0,66.0,0.65,OK
2026-08-24 09:15:06,reading,26.0,66.0,0.65,OK
2026-08-24 09:15:08,reading,26.0,66.0,0.65,OK
2026-08-24 09:15:10,reading,26.0,66.0,0.65,OK
2026-08-24 09:15:12,reading,26.0,66.0,0.65,OK
2026-08-24 09:15:14,reading,26.0,66.0,0.65,OK
2026-08-24 09:15:16,reading,26.0,66.0,0.65,OK
2026-08-24 09:15:18,reading,26.0,66.0,0.65,OK
2026-08-24 09:15:20,reading,26.0,66.0,0.65,OK
2026-08-24 09:15:21,reading,26.0,66.0,0.65,OK
2026-08-24 09:15:23,reading,26.0,66.0,0.65,OK
2026-08-24 09:15:30,reading,26.0,66.0,0.65,OK
2026-08-24 09:15:33,reading,26.0,66.0,0.65,OK
2026-08-24 09:15:35,reading,26.0,66.0,0.65,OK
2026-08-24 09:15:37,reading,26.0,66.0,0.65,OK
2026-08-24 09:15:38,reading,26.0,66.0,0.65,OK
2026-08-24 09:15:40,reading,26.0,66.0,0.65,OK
2026-08-24 09:15:42,reading,26.0,66.0,0.65,OK
2026-08-24 09:15:44,reading,26.0,66.0,0.65,OK
2026-08-24 09:15:48,reading,26.0,66.0,0.65,OK
2026-08-24 09:15:54,reading,26.0,66.0,0.65,OK
2026-08-24 09:15:57,reading,26.0,66.0,0.65,OK
2026-08-24 09:15:59,reading,26.0,66.0,0.65,OK
2026-08-24 09:16:01,reading,26.0,66.0,0.65,OK
2026-08-24 09:16:07,reading,26.0,66.0,0.65,OK
2026-08-24 09:16:13,reading,26.0,66.0,0.65,OK
2026-08-24 09:16:15,reading,26.0,66.0,0.65,OK
2026-08-24 09:16:22,reading,26.0,66.0,0.65,OK
2026-08-24 09:16:26,reading,26.0,66.0,0.65,OK
2026-08-24 09:16:28,reading,26.0,66.0,0.65,OK
2026-08-24 09:16:29,reading,26.0,66.0,0.65,OK
2026-08-24 09:16:31,reading,26.0,66.0,0.65,OK
2026-08-24 09:16:33,reading,26.0,66.0,0.65,OK
2026-08-24 09:16:35,reading,26.0,66.0,0.65,OK
2026-08-24 09:16:37,reading,26.0,66.0,0.65,OK
2026-08-24 09:16:39,reading,26.0,66.0,0.65,OK
2026-08-24 09:16:41,reading,26.0,66.0,0.65,OK
2026-08-24 09:16:43,reading,26.0,66.0,0.65,OK
2026-08-24 09:16:44,reading,26.0,66.0,0.65,OK
2026-08-24 09:16:46,reading,26.0,66.0,0.65,OK
2026-08-24 09:16:48,reading,26.0,66.0,0.65,OK
2026-08-24 09:16:50,reading,26.0,67.0,0.65,OK
2026-08-24 09:16:52,reading,26.0,67.0,0.65,OK
2026-08-24 09:16:54,reading,26.0,67.0,0.65,OK
2026-08-24 09:16:56,reading,26.0,67.0,0.65,OK
2026-08-24 09:17:02,reading,26.0,67.0,0.65,OK
2026-08-24 09:17:04,reading,26.0,67.0,0.65,OK
2026-08-24 09:17:06,reading,26.0,67.0,0.65,OK
2026-08-24 09:17:08,reading,26.0,67.0,0.65,OK
2026-08-24 09:17:10,reading,26.0,67.0,0.65,OK
2026-08-24 09:17:12,reading,26.0,66.0,0.65,OK
2026-08-24 09:17:14,reading,26.0,66.0,0.65,OK
2026-08-24 09:17:15,reading,26.0,66.0,0.65,OK
2026-08-24 09:17:22,reading,26.0,66.0,0.65,OK
2026-08-24 09:17:24,reading,26.0,66.0,0.65,OK
2026-08-24 09:17:26,reading,26.0,66.0,0.65,OK
2026-08-24 09:17:28,reading,26.0,66.0,0.65,OK
2026-08-24 09:17:30,reading,26.0,66.0,0.65,OK
2026-08-24 09:17:32,reading,26.0,66.0,0.65,OK
2026-08-24 09:17:33,reading,26.0,66.0,0.65,OK
2026-08-24 09:17:35,reading,26.0,66.0,0.65,OK
2026-08-24 09:17:37,reading,26.0,66.0,0.65,OK
2026-08-24 09:17:39,reading,26.0,66.0,0.65,OK
2026-08-24 09:17:41,reading,26.0,66.0,0.65,OK
2026-08-24 09:17:43,reading,26.0,66.0,0.65,OK
2026-08-24 09:17:45,reading,26.0,66.0,0.65,OK
2026-08-24 09:17:46,reading,26.0,66.0,0.65,OK
2026-08-24 09:17:48,reading,26.0,66.0,0.65,OK
2026-08-24 09:17:50,reading,26.0,66.0,0.65,OK
2026-08-24 09:17:52,reading,26.0,66.0,0.65,OK
2026-08-24 09:17:54,reading,26.0,66.0,0.65,OK
2026-08-24 09:17:55,reading,26.0,66.0,0.65,OK
2026-08-24 09:17:57,reading,26.0,66.0,0.65,OK
2026-08-24 09:17:59,reading,26.0,66.0,0.65,OK
2026-08-24 09:18:01,reading,26.0,66.0,0.65,OK
2026-08-24 09:18:03,reading,26.0,66.0,0.65,OK
2026-08-24 09:18:05,reading,26.0,66.0,0.65,OK
2026-08-24 09:18:06,reading,26.0,66.0,0.65,OK
2026-08-24 09:18:08,reading,26.0,66.0,0.65,OK
2026-08-24 09:18:10,reading,26.0,66.0,0.65,OK
2026-08-24 09:18:17,reading,26.0,66.0,0.65,OK
2026-08-24 09:18:19,reading,26.0,66.0,0.65,OK
2026-08-24 09:18:21,reading,26.0,66.0,0.65,OK
2026-08-24 09:18:22,reading,26.0,66.0,0.65,OK
2026-08-24 09:18:29,reading,26.0,66.0,0.65,OK
2026-08-24 09:18:31,reading,26.0,66.0,0.65,OK
2026-08-24 09:18:33,reading,26.0,66.0,0.65,OK
2026-08-24 09:18:35,reading,26.0,66.0,0.65,OK
2026-08-24 09:18:37,reading,26.0,66.0,0.65,OK
2026-08-24 09:18:38,reading,26.0,66.0,0.65,OK
2026-08-24 09:18:40,reading,26.0,66.0,0.65,OK
2026-08-24 09:18:42,reading,26.0,66.0,0.65,OK
2026-08-24 09:18:44,reading,26.0,66.0,0.65,OK
2026-08-24 09:18:47,reading,26.0,66.0,0.65,OK
2026-08-24 09:18:49,reading,26.0,66.0,0.65,OK
2026-08-24 09:18:50,reading,26.0,66.0,0.65,OK
2026-08-24 09:18:53,reading,26.0,66.0,0.65,OK
2026-08-24 09:18:55,reading,26.0,66.0,0.65,OK
2026-08-24 09:18:57,reading,26.0,66.0,0.65,OK
2026-08-24 09:18:59,reading,26.0,66.0,0.65,OK
2026-08-24 09:19:01,reading,26.0,66.0,0.65,OK
2026-08-24 09:19:08,reading,26.0,66.0,0.65,OK
2026-08-24 09:19:09,reading,26.0,66.0,0.65,OK
2026-08-24 09:19:11,reading,26.0,66.0,0.65,OK
2026-08-24 09:19:13,reading,26.0,66.0,0.65,OK
2026-08-24 09:19:15,reading,26.0,66.0,0.65,OK
2026-08-24 09:19:17,reading,26.0,66.0,0.65,OK
2026-08-24 09:19:19,reading,26.0,66.0,0.65,OK
2026-08-24 09:19:21,reading,26.0,66.0,0.65,OK
2026-08-24 09:19:22,reading,26.0,66.0,0.65,OK
2026-08-24 09:19:24,reading,26.0,66.0,0.65,OK
2026-08-24 09:19:26,reading,26.0,66.0,0.65,OK
2026-08-24 09:19:28,reading,26.0,66.0,0.65,OK
2026-08-24 09:19:30,reading,26.0,66.0,0.65,OK
2026-08-24 09:19:32,reading,26.0,66.0,0.65,OK
2026-08-24 09:19:33,reading,26.0,66.0,0.65,OK
2026-08-24 09:19:35,reading,26.0,66.0,0.65,OK
2026-08-24 09:19:37,reading,26.0,66.0,0.65,OK
2026-08-24 09:19:39,reading,26.0,66.0,0.65,OK
2026-08-24 09:19:41,reading,26.0,66.0,0.65,OK
2026-08-24 09:19:43,reading,26.0,66.0,0.65,OK
2026-08-24 09:19:44,reading,26.0,66.0,0.65,OK
2026-08-24 09:19:46,reading,26.0,66.0,0.65,OK
2026-08-24 09:19:48,reading,26.0,66.0,0.65,OK
2026-08-24 09:19:51,reading,26.0,66.0,0.65,OK
2026-08-24 09:19:52,reading,26.0,66.0,0.65,OK
2026-08-24 09:19:54,reading,26.0,66.0,0.65,OK
2026-08-24 09:20:06,reading,26.0,66.0,0.65,OK
2026-08-24 09:20:08,reading,26.0,66.0,0.65,OK
2026-08-24 09:20:16,reading,26.0,66.0,0.65,OK
2026-08-24 09:20:27,reading,26.0,66.0,0.65,OK
2026-08-24 09:20:29,reading,26.0,66.0,0.65,OK
2026-08-24 09:20:31,reading,26.0,66.0,0.65,OK
2026-08-24 09:20:33,reading,26.0,66.0,0.65,OK
2026-08-24 09:20:35,reading,26.0,66.0,0.65,OK
2026-08-24 09:20:36,reading,26.0,66.0,0.65,OK
2026-08-24 09:20:38,reading,26.0,66.0,0.65,OK
2026-08-24 09:20:40,reading,26.0,66.0,0.65,OK
2026-08-24 09:20:42,reading,26.0,66.0,0.65,OK
2026-08-24 09:20:44,reading,26.0,66.0,0.65,OK
2026-08-24 09:20:46,reading,26.0,66.0,0.65,OK
2026-08-24 09:20:48,reading,26.0,66.0,0.65,OK
2026-08-24 09:20:49,reading,26.0,66.0,0.65,OK
2026-08-24 09:20:51,reading,26.0,66.0,0.65,OK
2026-08-24 09:20:53,reading,26.0,66.0,0.65,OK
2026-08-24 09:20:55,reading,26.0,66.0,0.65,OK
2026-08-24 09:20:57,reading,26.0,66.0,0.65,OK
2026-08-24 09:20:59,reading,26.0,66.0,0.65,OK
2026-08-24 09:21:01,reading,26.0,66.0,0.65,OK
2026-08-24 09:21:02,reading,26.0,66.0,0.65,OK
2026-08-24 09:21:04,reading,26.0,66.0,0.65,OK
2026-08-24 09:21:06,reading,26.0,66.0,0.65,OK
2026-08-24 09:21:08,reading,26.0,66.0,0.65,OK
2026-08-24 09:21:10,reading,26.0,66.0,0.65,OK
2026-08-24 09:21:11,reading,26.0,66.0,0.65,OK
2026-08-24 09:21:13,reading,26.0,66.0,0.65,OK
2026-08-24 09:21:15,reading,26.0,66.0,0.65,OK
2026-08-24 09:21:17,reading,26.0,66.0,0.65,OK
2026-08-24 09:21:19,reading,26.0,66.0,0.65,OK
2026-08-24 09:21:20,reading,26.0,66.0,0.65,OK
2026-08-24 09:21:22,reading,26.0,66.0,0.65,OK
2026-08-24 09:21:24,reading,26.0,66.0,0.65,OK
2026-08-24 09:21:26,reading,26.0,66.0,0.65,OK
